duration,bytes_sent,bytes_received,packets,label
7,9454,1441,1971,1
4,3443,1991,28,0
4,5559,873,16,0
17,1708,573,18,0
12,2254,209,37,0
16,4748,1148,22,0
15,3223,1767,33,0
3,3756,2461,40,0
16,399,3511,44,0
26,1990,3163,52,0
11,1427,378,42,0
3,3437,575,20,0
21,310,1290,15,0
31,5651,3364,38,0
20,1210,721,59,0
12,1865,254,35,0
3,2265,1346,34,0
8,318,737,28,0
17,778,576,37,0
240,342,273,5,1
5,2042,648,14,0
1,443,1274,31,0
252,262,179,8,1
35,1020,1140,62,0
210,150,98,10,1
13,429,436,58,0
16,1688,1354,23,0
2,2018,1304,15,0
14,1874,3007,18,0
2,2851,1500,7,0
6,2325,1200,51,0
21,935,581,56,0
6,1450,2874,39,0
16,327,1279,67,0
37,3247,1114,24,0
6,1552,344,25,0
12,415,860,23,0
5,2346,2137,8,0
14,719,267,37,0
5,4286,4654,33,0
4,2184,2902,4,0
224,232,126,8,1
1,1560,208,48,0
7,500,177,91,0
16,1179,861,19,0
17,2165,663,36,0
3,919,1118,33,0
23,691,918,18,0
1,2297,998,65,0
5,1465,75,38,0
6,511,678,25,0
16,2786,756,30,0
19,2348,2090,28,0
11,606,4327,73,0
10,1589,1941,29,0
15,3483,380,12,0
11,426,3833,57,0
11,1346,712,46,0
1,2380,182,38,0
8,2202,1857,2,0
10,1079,246,2,0
14,1586,1290,8,0
10,4493,1260,4,0
6,450,1960,3,0
8,96352,2978,384,1
8,4024,3997,1167,1
15,1533,1151,74,0
4,2304,1633,23,0
11,2115,942,31,0
8,1209,2366,5,0
18,1597,637,35,0
16,2178,999,55,0
6,1453,1173,13,0
39,637,3310,51,0
12,2535,1908,5,0
36,1037,2721,10,0
8,1274,861,37,0
2,855,478,71,0
4,564,1839,58,0
4,1567,3189,19,0
14,2749,1486,66,0
34,960,2257,87,0
29,1346,245,21,0
21,1355,2367,17,0
14,3451,450,26,0
11,3121,3974,38,0
35,4301,3077,76,0
14,1583,753,64,0
3,2007,1869,23,0
8,301,1346,27,0
34,6209,456,82,0
17,1408,1076,35,0
5,579,1003,20,0
3,1512,805,25,0
6,132494,1115,261,1
5,754,1183,32,0
1,1789,618,5,0
17,1424,737,4,0
15,618,497,22,0
230,309,63,7,1
1,810,727,66,0
12,616,1582,21,0
7,2161,884,36,0
6,4284,1114,32,0
16,2672,309,47,0
18,212,1391,83,0
27,1213,385,38,0
6,833,213,41,0
24,383,1374,8,0
3,1514,3094,31,0
7,2673,701,25,0
57,1051,1837,26,0
12,1199,1012,17,0
10,1998,2295,19,0
9,2313,894,98,0
4,2784,652,87,0
38,4513,1169,9,0
8,3232,1004,14,0
1,1317,423,155,0
15,1146,1446,20,0
11,1594,625,13,0
6,3378,1912,30,0
10,2271,870,48,0
13,1285,2011,29,0
10,403,460,64,0
3,1361,2501,55,0
9,591,3121,36,0
26,1181,2151,18,0
2,4744,1156,27,0
4,130,1060,53,0
6,136335,2001,370,1
247,140,349,8,1
4,584,259,7,0
11,621,1181,6,0
15,4032,1580,24,0
4,154,3129,27,0
6,10111,1963,1962,1
3,11759,896,1472,1
21,2970,822,17,0
17,317,738,25,0
1,3871,566,13,0
17,347,280,100,0
4,5279,780,102,0
2,1302,166,19,0
6,2539,397,70,0
11,1718,1572,13,0
23,2603,269,41,0
17,3972,1023,48,0
2,760,728,137,0
39,1530,1397,100,0
11,1937,712,84,0
14,1292,761,9,0
11,1819,801,42,0
2,973,1318,70,0
2,656,775,37,0
10,745,4372,43,0
5,932,1256,62,0
2,927,990,14,0
5,679,178,97,0
17,1200,2344,18,0
8,227,1165,15,0
5,4669,845,133,0
9,3174,2092,17,0
3,3872,3547,35,0
284,330,171,12,1
1,2548,552,20,0
18,4691,2926,33,0
6,4504,222,45,0
9,3749,818,40,0
3,990,472,38,0
11,1804,1429,10,0
7,582,1165,49,0
262,91,369,11,1
8,1378,551,51,0
6,3854,1025,12,0
14,5421,1293,43,0
3,622,130,26,0
11,1225,866,20,0
40,302,1644,3,0
10,3956,281,63,0
20,542,1951,20,0
9,2759,1530,74,0
2,1381,847,43,0
27,2985,850,9,0
22,1470,1212,32,0
4,2129,831,41,0
6,14834,2180,1834,1
8,2169,161,95,0
12,1961,268,52,0
17,504,978,34,0
9,2610,1219,26,0
6,1210,3372,10,0
7,251,530,47,0
13,981,1114,51,0
7,2019,761,115,0
8,1998,1092,84,0
3,2496,760,35,0
3,559,1577,37,0
4,374,879,22,0
13,1559,839,14,0
222,125,265,3,1
3,2167,325,18,0
13,1803,397,18,0
26,1004,753,106,0
7,1967,393,51,0
13,1112,2118,41,0
20,2047,2199,22,0
19,1673,463,6,0
5,201,794,23,0
16,994,422,13,0
17,2053,2118,31,0
6,2277,3097,24,0
12,1354,865,31,0
18,6005,1003,42,0
7,1543,806,14,0
33,1562,1463,7,0
7,3584,1138,18,0
21,1968,2215,81,0
1,2454,1310,31,0
10,2207,507,83,0
3,923,185,39,0
10,79,529,32,0
26,965,493,73,0
23,1645,2263,35,0
13,2416,1111,37,0
16,235114,2189,189,1
4,1384,480,5,0
11,1234,2219,43,0
8,1649,1009,16,0
10,132,1532,63,0
5,11849,4346,1046,1
6,721,1562,16,0
16,834,227,45,0
27,602,1822,40,0
6,1550,684,45,0
18,603,1029,29,0
8,3208,850,24,0
4,1835,1176,33,0
7,2698,1093,73,0
15,1025,2220,29,0
10,1498,548,162,0
5,1952,1310,8,0
4,2494,1064,9,0
16,2018,827,2,0
6,1641,1319,31,0
2,3445,914,29,0
12,1350,719,66,0
11,209089,1853,167,1
28,2566,2991,102,0
9,1849,1077,35,0
2,3011,491,44,0
6,813,598,19,0
11,2063,1347,10,0
5,648,488,19,0
6,858,618,19,0
5,2264,3188,26,0
10,1729,1364,39,0
5,2469,1079,8,0
212,263,173,11,1
7,1387,1863,7,0
7,1897,1320,2,0
3,9032,4112,901,1
8,2043,1033,23,0
6,1114,1678,43,0
3,1131,397,23,0
4,2014,1343,11,0
5,2545,793,22,0
11,1610,436,43,0
8,868,510,28,0
10,1167,128,28,0
11,1932,2176,40,0
4,8639,2239,1006,1
3,3189,2559,34,0
7,1141,855,28,0
271,145,154,12,1
12,191964,1591,220,1
24,1728,671,45,0
13,680,2516,27,0
21,476,201,36,0
9,253,610,45,0
2,5963,4508,1170,1
15,2238,375,30,0
7,1816,2510,18,0
10,6982,1622,39,0
26,2971,1739,70,0
4,1790,1018,2,0
32,1822,163,86,0
6,1060,342,19,0
21,522,3279,68,0
17,830,3097,29,0
11,1210,350,86,0
4,713,2449,146,0
14,1028,853,21,0
12,1638,1682,65,0
18,882,1239,5,0
7,1408,1285,52,0
7,787,987,31,0
25,2328,337,62,0
9,207,3137,29,0
60,2380,1199,48,0
7,2415,139,35,0
10,502,1902,42,0
5,13944,3042,1749,1
12,367,612,28,0
8,2194,420,38,0
5,6011,4960,666,1
9,800,1399,29,0
3,2345,482,41,0
12,318,2395,38,0
11,2856,720,31,0
21,3535,1020,98,0
13,1287,713,19,0
11,1858,1442,19,0
14,339,1338,25,0
17,899,1093,19,0
1,1910,2291,33,0
14,1944,533,21,0
15,1151,2406,37,0
10,3649,3618,20,0
10,608,733,37,0
16,1443,1640,12,0
13,1401,356,21,0
16,2789,1752,50,0
15,2331,2552,7,0
9,1785,177,44,0
18,1579,744,18,0
264,62,62,5,1
5,254,1007,101,0
4,1664,650,11,0
9,814,647,73,0
12,1126,473,11,0
2,699,163,13,0
11,1171,2552,57,0
11,4677,1939,36,0
42,514,747,20,0
8,2315,569,38,0
12,599,960,15,0
5,3036,424,33,0
20,2202,2114,9,0
19,1425,4665,38,0
1,1033,884,22,0
3,1912,210,6,0
2,9823,4992,1125,1
8,5216,619,49,0
11,321,2302,7,0
10,1562,1182,49,0
19,3847,565,30,0
245,269,306,5,1
15,2840,2218,40,0
30,949,1726,20,0
15,1721,1155,10,0
28,2782,2211,35,0
20,1187,1546,7,0
13,781,2090,28,0
37,3594,2662,20,0
4,1887,770,40,0
5,1366,1191,45,0
10,1587,483,59,0
6,1201,383,76,0
7,2627,364,38,0
8,1384,1082,9,0
15,529,1931,62,0
19,1648,1967,51,0
5,765,836,29,0
13,1679,338,40,0
19,1478,355,87,0
26,2044,1514,5,0
15,595,1744,14,0
16,2107,1249,18,0
12,582,1357,4,0
17,1130,1632,44,0
3,534,1472,28,0
13,1602,3207,10,0
16,2486,1234,24,0
10,2881,717,73,0
9,1941,724,8,0
7,1121,790,3,0
11,1637,2319,39,0
12,127382,2269,317,1
10,867,1027,34,0
14,1929,587,15,0
11,2120,139,76,0
8,2978,993,34,0
10,1531,1680,13,0
6,1337,609,43,0
27,1166,3276,11,0
20,2657,331,16,0
11,821,2319,9,0
15,3995,2157,71,0
4,2186,4304,84,0
14,3277,4143,31,0
17,1741,1857,17,0
9,3568,1656,5,0
14,4271,1737,10,0
4,346,347,7,0
4,2942,815,15,0
17,1977,1333,59,0
9,567,1536,46,0
19,3430,624,25,0
26,1745,974,24,0
6,1490,724,6,0
21,610,1823,15,0
9,1897,1625,18,0
11,628,2557,34,0
4,1174,660,41,0
4,1190,810,10,0
8,179752,1090,311,1
1,637,2295,24,0
2,2285,301,64,0
27,3006,1405,69,0
2,2873,1797,97,0
2,5392,3656,111,0
5,3312,3283,27,0
6,1997,1205,26,0
5,413,844,40,0
11,3109,71,78,0
17,3297,3544,69,0
4,1232,734,92,0
11,2247,2281,40,0
26,713,1474,23,0
4,827,2587,29,0
5,2765,1354,19,0
2,1444,1623,82,0
3,1778,1187,39,0
1,773,1526,29,0
16,1482,2999,40,0
5,1229,577,30,0
14,1236,2259,91,0
7,2750,592,34,0
14,2647,1290,59,0
11,2620,1126,15,0
12,175,332,42,0
18,1588,1347,16,0
14,955,610,30,0
3,10599,4666,1990,1
10,247725,2236,346,1
20,4987,2385,53,0
5,867,1289,36,0
4,4236,519,25,0
26,1147,2375,26,0
3,680,860,22,0
24,2066,875,34,0
3,302,1873,12,0
6,2443,715,8,0
8,1188,1794,40,0
19,5330,806,38,0
3,943,495,7,0
8,3977,1332,12,0
23,4342,412,24,0
14,2815,2574,21,0
22,3009,1717,14,0
25,4944,707,80,0
11,1596,1183,41,0
7,2903,181,19,0
15,122706,2865,130,1
5,2899,2271,11,0
17,292,839,78,0
17,1385,70,12,0
15,519,739,40,0
4,2627,791,86,0
26,538,1713,54,0
11,1439,4468,5,0
3,1994,2731,59,0
5,1683,535,9,0
17,1680,672,27,0
1,2133,1478,22,0
26,1592,2409,40,0
5,2022,505,47,0
10,173,2044,11,0
1,4291,1317,13,0
4,1185,2488,9,0
20,549,733,89,0
2,3180,343,27,0
14,711,1053,60,0
4,1225,50,83,0
19,2247,591,25,0
8,628,2266,68,0
3,1877,1566,98,0
12,251,1496,18,0
35,723,1433,67,0
14,695,1387,84,0
21,3183,1094,23,0
8,1351,946,11,0
12,345,1579,35,0
16,1445,2377,70,0
6,665,873,9,0
4,1515,2052,55,0
5,4807,1290,28,0
11,2499,1603,55,0
31,786,1662,42,0
8,4650,1019,15,0
31,1958,250,72,0
3,14044,4203,971,1
7,3382,1362,10,0
11,1243,431,17,0
18,309,3574,25,0
8,3701,811,111,0
8,1589,658,21,0
20,805,2261,16,0
4,1883,2070,29,0
11,928,130,11,0
9,2714,922,13,0
12,2745,1512,22,0
4,2408,1025,50,0
3,1279,1226,82,0
1,9903,1516,1693,1
28,502,1633,58,0
13,1086,1113,24,0
6,12051,4854,1418,1
9,421,1617,37,0
3,2268,1611,109,0
8,1589,714,45,0
10,3938,1448,20,0
5,3826,3278,5,0
2,10931,3008,1852,1
8,1683,487,6,0
12,2287,2230,19,0
2,756,216,44,0
15,2598,2548,71,0
20,1002,1154,15,0
13,2691,2274,24,0
12,1231,467,67,0
14,2983,1906,56,0
12,272,298,64,0
2,3018,584,55,0
6,2610,1523,20,0
6,763,2937,22,0
2,1015,2967,27,0
12,380,1697,15,0
21,1428,1392,18,0
5,2471,254,62,0
253,51,240,7,1
16,1014,892,32,0
5,2640,1920,19,0
1,2507,2762,46,0
4,207577,1495,237,1
16,1063,1774,44,0
19,1588,517,17,0
9,317,1139,45,0
7,2284,746,878,1
12,870,312,96,0
11,2070,1980,38,0
14,937,1850,72,0
16,4221,2602,69,0
21,1592,1158,24,0
10,2403,1636,35,0
11,867,2175,32,0
17,810,2379,5,0
278,87,232,2,1
15,1118,2450,31,0
25,297,3093,58,0
14,578,847,64,0
8,4030,997,37,0
5,2803,1468,12,0
1,863,274,34,0
12,4266,3988,47,0
2,2721,871,26,0
3,1221,1037,18,0
8,782,754,49,0
8,938,3743,45,0
18,1364,1337,30,0
2,198282,2338,209,1
8,2246,2334,14,0
24,1047,783,32,0
15,1973,1194,24,0
4,4290,1712,27,0
10,133505,204,235,1
21,189,2003,30,0
12,1438,447,33,0
6,1609,713,23,0
38,1410,2507,36,0
14,4121,1038,97,0
7,1652,727,40,0
8,2174,489,17,0
10,829,2917,42,0
12,1306,1172,56,0
17,3194,1390,32,0
15,773,1115,15,0
12,91440,1600,389,1
8,13716,3918,726,1
6,50,223,23,0
14,227934,2080,371,1
26,1343,2112,12,0
17,4069,1463,81,0
11,2409,697,24,0
13,251,526,37,0
11,1132,1052,36,0
12,365,1021,29,0
3,2262,2205,12,0
21,1882,2363,18,0
7,79191,1774,194,1
8,1150,2997,38,0
7,2818,3349,1350,1
9,1698,712,24,0
25,2225,1885,30,0
26,1961,2251,6,0
4,1661,983,23,0
286,313,381,4,1
20,1927,999,35,0
14,4010,1033,52,0
6,885,205,79,0
20,1157,2337,26,0
8,1712,3205,22,0
9,1165,1524,15,0
22,2923,2353,12,0
4,2504,326,64,0
27,1606,3148,39,0
15,2612,474,52,0
9,2631,553,34,0
18,1241,556,78,0
7,2268,686,9,0
34,2333,4471,33,0
32,2082,459,35,0
22,1032,200,39,0
11,543,105,67,0
22,1102,953,56,0
18,3596,2230,30,0
25,1586,1238,19,0
22,2147,1562,90,0
8,979,600,12,0
9,2917,201,59,0
4,1204,953,28,0
8,1239,2549,32,0
1,1141,612,38,0
4,2646,2278,1882,1
5,3749,632,20,0
15,1219,2898,23,0
20,3055,351,63,0
12,449,1678,15,0
11,622,4858,29,0
13,848,510,9,0
19,214848,716,166,1
8,1707,649,10,0
3,2089,414,57,0
21,1992,1996,30,0
16,1483,900,20,0
17,167742,962,203,1
17,591,1600,33,0
12,3019,3270,63,0
8,952,62,29,0
9,1242,896,5,0
28,2728,1050,14,0
11,865,997,56,0
6,9925,847,852,1
3,2200,3287,887,1
13,1130,496,14,0
8,2717,3132,28,0
16,2052,1447,44,0
11,1176,1694,36,0
14,217,2257,7,0
24,6365,2701,11,0
3,2528,1276,18,0
11,610,1247,12,0
16,2709,6236,117,0
14,1102,280,50,0
1,804,1128,23,0
33,3984,256,9,0
6,240608,390,306,1
16,1292,933,16,0
14,1157,1983,3,0
18,451,698,19,0
2,1251,7207,17,0
52,1142,3347,18,0
4,737,896,36,0
10,715,697,60,0
2,1452,1312,18,0
6,1871,1424,73,0
12,2070,3746,87,0
32,1346,435,47,0
14,2463,715,16,0
4,2176,1756,53,0
6,956,1069,44,0
10,2093,1029,28,0
16,3295,921,16,0
14,2245,2221,39,0
21,4266,617,20,0
26,1309,1722,12,0
15,1072,1304,57,0
14,2102,160,8,0
8,11038,2898,1443,1
2,3450,984,38,0
39,634,570,24,0
39,1512,1078,11,0
7,2590,967,26,0
33,1371,1865,20,0
17,3882,380,44,0
6,596,969,17,0
21,243,245,17,0
9,523,993,27,0
11,1081,4770,33,0
3,124,1730,12,0
9,263,1805,27,0
9,1910,1093,34,0
9,1715,1867,32,0
16,5129,779,31,0
16,1038,467,49,0
18,1393,1381,5,0
6,2376,192,24,0
15,1292,1589,26,0
3,3443,1847,13,0
279,282,375,10,1
8,5924,1648,1963,1
5,4371,966,55,0
12,2320,244,16,0
14,4141,582,9,0
12,1724,579,26,0
12,996,2626,32,0
13,1205,1432,28,0
6,939,1786,78,0
45,1173,1171,67,0
6,1213,1107,76,0
9,591,612,20,0
11,1808,896,14,0
14,863,1343,46,0
10,2155,1221,20,0
11,2193,1927,52,0
13,1082,1434,41,0
17,1113,1988,40,0
32,834,1766,158,0
17,391,779,17,0
19,3804,1371,29,0
3,2567,1379,6,0
5,1901,2841,30,0
7,4792,962,17,0
5,1234,1907,44,0
16,732,96,9,0
17,1045,1120,77,0
1,716,1108,18,0
27,4199,2243,32,0
21,4078,262,19,0
5,1268,389,32,0
20,5291,404,91,0
16,1110,500,15,0
4,1017,1854,13,0
2,7368,1735,10,0
8,3066,1716,90,0
15,917,2760,26,0
5,740,222,44,0
18,565,680,5,0
10,854,1241,13,0
8,722,1974,42,0
4,1623,609,18,0
4,1439,496,54,0
9,1903,283,52,0
13,1693,939,38,0
22,585,1446,43,0
8,687,525,45,0
6,1669,1011,13,0
23,186,850,22,0
10,939,1002,55,0
44,863,575,27,0
4,1215,854,29,0
20,1756,1944,33,0
17,2623,2035,20,0
8,650,1007,27,0
12,1321,1655,9,0
19,1042,864,69,0
18,1297,1510,93,0
20,1861,3434,31,0
4,1985,92,75,0
28,5112,351,111,0
3,1704,589,28,0
7,836,199,11,0
6,1263,582,15,0
212,223,244,7,1
12,767,768,55,0
300,166,218,10,1
10,1991,948,36,0
7,5519,1051,30,0
25,1561,687,5,0
11,1901,620,14,0
11,2445,201,44,0
5,1748,1010,27,0
5,5142,805,39,0
6,2276,1361,25,0
6,3070,1570,9,0
271,71,363,6,1
8,1941,1104,3,0
4,3071,1815,22,0
19,50,1657,41,0
22,3163,2261,10,0
15,1508,2466,37,0
8,558,947,69,0
17,184,1268,18,0
9,52,288,20,0
17,675,2373,19,0
4,1320,415,35,0
9,2628,507,23,0
5,2597,1612,35,0
20,2362,1314,15,0
27,1506,2516,49,0
6,92242,987,384,1
20,2314,300,27,0
15,3870,788,11,0
12,808,966,30,0
35,2427,364,80,0
25,2714,3352,49,0
10,243,613,29,0
10,959,986,33,0
31,891,1138,34,0
12,794,863,108,0
11,1319,3448,34,0
10,2787,1151,9,0
7,616,258,32,0
14,208630,193,240,1
6,1161,2434,21,0
4,3285,586,41,0
29,727,589,8,0
18,139,199,26,0
21,1525,1751,102,0
10,1557,1226,13,0
24,1944,1159,70,0
17,992,73,5,0
12,2314,612,8,0
9,190495,231,321,1
22,509,1803,175,0
21,1198,746,21,0
2,5897,2806,15,0
21,4333,1966,26,0
7,554,169,44,0
10,211,1575,50,0
25,982,221,32,0
18,906,2578,2,0
10,1519,496,26,0
6,2330,1842,16,0
23,1806,610,24,0
11,425,4062,21,0
13,2103,2775,71,0
7,2006,1052,23,0
5,2461,290,24,0
1,343,627,43,0
24,702,1477,37,0
1,422,1472,15,0
27,3220,1083,45,0
4,946,340,55,0
10,2884,1076,19,0
14,1789,832,10,0
14,2344,171,26,0
2,2710,1274,28,0
11,989,2301,22,0
14,1214,606,79,0
1,1004,1584,94,0
4,136161,115,206,1
11,2999,1792,59,0
6,1659,1205,65,0
26,420,877,31,0
18,1100,2710,15,0
6,914,1638,98,0
35,1528,50,17,0
31,480,402,14,0
5,2586,683,35,0
19,1150,2162,15,0
9,1985,808,21,0
16,1302,1310,17,0
22,5903,3052,61,0
19,3495,2754,5,0
8,2576,832,6,0
17,710,882,34,0
15,1127,385,84,0
44,1038,1887,52,0
13,914,1592,33,0
12,1730,1405,19,0
4,582,2539,2,0
6,896,1983,76,0
9,4041,991,26,0
15,869,2369,81,0
13,1525,2794,15,0
9,1200,1169,15,0
2,1405,1155,29,0
245,83,304,8,1
32,536,1532,34,0
5,320,940,30,0
18,217811,407,282,1
12,4165,633,49,0
5,2753,305,7,0
16,5169,135,11,0
18,1259,500,38,0
12,1158,1751,64,0
11,360,1283,32,0
9,810,1319,8,0
35,2184,274,34,0
20,2540,2088,97,0
18,362,2038,3,0
12,2190,220,32,0
7,1729,4037,25,0
16,3442,2998,18,0
8,1900,2265,39,0
4,682,322,60,0
2,2670,1742,81,0
14,865,163,32,0
8,765,1079,28,0
22,3312,909,71,0
9,837,1533,34,0
5,1664,752,45,0
26,1039,4679,46,0
12,2035,1121,56,0
7,2341,3084,139,0
20,2034,2633,43,0
15,4545,1679,8,0
17,4415,1595,97,0
3,1426,1114,17,0
10,589,886,12,0
7,10945,992,1057,1
9,1069,1001,44,0
3,1105,2268,22,0
22,1311,366,87,0
264,234,97,11,1
8,1893,2186,63,0
14,1199,4106,45,0
26,3108,1371,90,0
17,2605,3956,165,0
242,240,307,3,1
4,1488,1584,26,0
5,999,2389,28,0
17,1464,1054,52,0
14,4296,1635,55,0
12,1043,676,18,0
18,1006,1152,20,0
21,1697,2844,30,0
13,83932,392,351,1
7,2463,1781,13,0
7,3456,2007,53,0
11,2140,1483,26,0
9,2974,737,42,0
7,962,569,30,0
217,108,334,2,1
1,330,912,28,0
4,1450,1887,7,0
18,2005,1016,98,0
15,131783,1838,302,1
13,759,1567,51,0
6,1106,3197,85,0
14,3483,311,67,0
13,227578,634,342,1
5,536,2675,42,0
15,611,1395,155,0
4,1760,403,33,0
9,2045,632,49,0
23,339,545,11,0
18,1336,581,41,0
5,842,2519,15,0
23,819,1011,44,0
7,1881,1588,23,0
4,1383,1405,20,0
1,1702,487,53,0
233,77,374,5,1
13,117377,390,352,1
2,14742,1053,881,1
14,2655,1330,3,0
5,11754,4802,884,1
11,3079,734,34,0
11,2084,683,8,0
8,2717,875,6,0
28,683,1528,37,0
17,271,732,61,0
16,1459,5493,24,0
8,1379,948,30,0
6,1304,815,9,0
15,1105,1037,27,0
268,59,245,6,1
13,2748,973,15,0
6,1220,324,16,0
9,1098,796,37,0
16,638,224,12,0
13,2607,195,43,0
15,3160,1293,130,0
10,997,768,22,0
6,606,784,13,0
11,850,594,28,0
42,1210,567,17,0
3,559,1405,38,0
4,1715,1775,79,0
28,1854,349,15,0
8,2647,3673,23,0
5,1397,1138,29,0
14,1057,1133,18,0
7,2025,488,6,0
21,1177,1593,27,0
3,3759,1038,11,0
8,1244,673,25,0
11,4918,1119,16,0
5,1173,687,21,0
20,1928,2167,51,0
9,1878,1457,36,0
8,426,616,65,0
6,1502,391,17,0
5,889,669,41,0
3,2259,50,75,0
7,1990,846,12,0
9,500,1625,49,0
8,1948,2911,63,0
15,2110,3340,13,0
7,1926,586,49,0
14,1465,1841,26,0
275,306,277,6,1
2,2010,2696,8,0
7,10876,518,1392,1
17,654,458,29,0
17,1491,292,49,0
3,2257,252,53,0
1,1182,1002,52,0
16,2812,876,22,0
3,1578,1343,50,0
31,1209,2412,45,0
7,2046,2234,37,0
12,1954,427,48,0
11,1045,423,14,0
10,1940,3475,31,0
26,4095,538,6,0
7,873,1332,18,0
10,706,3198,16,0
12,1362,278,5,0
13,978,119,39,0
10,493,2246,29,0
9,1606,2159,33,0
11,1851,937,25,0
9,3654,2692,23,0
9,1475,284,16,0
18,692,416,26,0
34,2165,870,10,0
14,4667,2660,21,0
14,1894,832,21,0
12,288,706,61,0
7,2607,2625,12,0
14,751,1565,17,0
12,2501,2788,30,0
7,2700,4736,1058,1
6,3264,3038,7,0
16,2436,1613,14,0
7,744,385,73,0
10,220889,307,397,1
6,585,1039,95,0
17,2886,1754,21,0
12,1534,310,63,0
9,2486,2912,36,0
13,1047,1821,44,0
33,4667,1351,18,0
13,1309,1307,115,0
3,209317,1542,271,1
6,3753,1840,40,0
21,2595,158,32,0
8,1436,448,46,0
9,597,456,55,0
13,1234,2684,67,0
8,610,768,24,0
6,295,1506,37,0
2,1871,670,3,0
12,1338,2454,7,0
4,1841,1683,34,0
9,4811,1351,47,0
10,860,481,63,0
11,933,1206,32,0
7,3800,1743,22,0
11,4422,363,12,0
6,810,1585,16,0
24,2686,1395,3,0
13,2343,2421,19,0
13,4110,896,10,0
14,1720,1086,5,0
2,1720,1891,28,0
3,390,1719,20,0
14,115145,2538,254,1
15,1998,941,32,0
10,1906,1288,16,0
4,2259,452,97,0
7,304,2092,96,0
11,1001,4538,86,0
17,1440,1174,43,0
9,2665,2409,35,0
11,2039,1883,5,0
8,1880,426,63,0
11,184,320,43,0
4,2749,748,19,0
9,1050,2078,11,0
6,2913,598,114,0
10,3227,861,16,0
12,1467,372,22,0
21,921,3064,19,0
2,3233,1345,36,0
13,2827,1398,7,0
2,1662,4348,14,0
10,5993,2251,49,0
9,2122,385,6,0
3,50,435,51,0
19,1188,1230,75,0
14,380,838,93,0
13,1436,1964,7,0
15,2600,1261,34,0
8,5562,277,92,0
6,1337,1741,14,0
3,2045,494,43,0
7,1086,1419,58,0
12,648,1263,16,0
7,1247,1595,5,0
5,1347,2458,15,0
13,5136,2228,65,0
5,2556,1976,52,0
13,1926,999,42,0
10,319,308,49,0
9,2100,1150,30,0
6,619,1360,57,0
18,181960,627,344,1
6,979,2379,67,0
6,1541,515,17,0
5,2919,1886,19,0
10,1593,489,63,0
12,633,267,22,0
9,854,593,22,0
11,1905,182,36,0
4,358,341,49,0
5,455,1635,21,0
10,461,3327,47,0
10,1291,987,20,0
23,671,1087,75,0
45,417,50,19,0
1,1859,1731,54,0
5,750,1435,23,0
8,1756,2900,6,0
7,2342,1277,21,0
54,1239,158,44,0
18,612,1939,14,0
4,1059,698,13,0
16,2279,1199,5,0
35,1393,1626,15,0
15,632,1759,7,0
12,2423,3522,75,0
4,3190,743,43,0
9,3364,700,13,0
10,905,4265,49,0
3,1929,50,28,0
12,2542,544,2,0
37,1000,1557,56,0
4,3087,4680,1061,1
11,2542,391,49,0
12,3426,1632,25,0
12,2512,1511,39,0
8,2991,5648,120,0
17,636,491,42,0
21,1135,1973,17,0
23,1963,1757,34,0
4,910,5455,13,0
11,3702,575,4,0
6,1191,881,10,0
16,346,827,42,0
6,13551,4736,865,1
30,5545,738,73,0
5,2976,332,30,0
5,2008,1160,27,0
10,1892,1936,57,0
9,1074,975,37,0
7,1233,1024,5,0
21,3629,1408,18,0
16,1954,358,21,0
2,6708,1277,23,0
10,4617,1136,23,0
13,3748,955,15,0
3,1996,395,25,0
13,285,1863,6,0
3,872,1871,32,0
8,6240,1701,21,0
9,918,1942,81,0
7,1773,287,34,0
7,5380,279,45,0
5,1436,783,38,0
17,3794,1479,41,0
41,1497,2645,47,0
8,1877,300,8,0
8,4430,1298,51,0
19,184289,2707,397,1
30,1247,490,65,0
18,3157,583,38,0
8,1156,2364,39,0
10,1670,2211,77,0
7,1917,299,18,0
2,956,2474,24,0
7,5158,2506,18,0
12,2197,1453,30,0
13,1199,1180,8,0
47,1655,1077,31,0
4,1561,3804,34,0
5,2201,731,23,0
32,4624,248,34,0
19,1078,875,78,0
25,2942,3059,29,0
15,1537,651,146,0
258,212,77,4,1
13,3227,839,27,0
5,826,214,46,0
1,12423,1066,993,1
20,1156,751,67,0
5,3151,1459,9,0
16,2668,746,72,0
5,1322,361,31,0
20,1703,203,102,0
6,2952,922,41,0
9,5432,438,2,0
19,2414,399,126,0
13,2717,878,9,0
23,4617,2704,32,0
9,1280,215,19,0
26,3853,1651,4,0
9,428,571,19,0
3,2812,1109,13,0
13,2095,208,17,0
12,3850,590,63,0
8,1716,1267,39,0
2,6587,1688,17,0
3,1465,818,44,0
18,70,981,2,0
15,2105,800,16,0
11,1153,424,19,0
3,2358,472,46,0
4,1004,1021,30,0
9,2361,334,88,0
8,4943,766,31,0
20,819,1902,36,0
43,9414,2493,37,0
11,573,803,86,0
30,581,1798,23,0
8,1075,1172,9,0
4,4504,1132,38,0
3,386,799,44,0
18,2421,1130,11,0
26,1452,4600,51,0
30,3245,2716,27,0
28,3104,966,15,0
8,5594,375,7,0
24,2586,1321,55,0
11,226,598,15,0
13,849,1946,11,0
7,4449,992,875,1
5,652,1011,24,0
10,675,460,41,0
24,437,660,41,0
2,1886,303,26,0
32,3129,944,29,0
3,3007,784,100,0
7,1105,1493,73,0
8,1800,1214,41,0
1,6408,1714,103,0
17,2023,194,14,0
12,771,105,9,0
2,2779,2919,31,0
4,610,2813,73,0
12,171,767,27,0
20,342,1635,61,0
9,1052,3244,75,0
9,1381,1268,16,0
3,1964,236,18,0
5,4554,1273,43,0
41,398,2796,30,0
17,1032,492,42,0
7,1230,1051,40,0
16,1168,1708,49,0
22,3809,1126,35,0
1,1986,842,32,0
13,534,1964,41,0
6,4496,5880,31,0
12,1975,689,42,0
4,1520,3168,21,0
4,2687,1704,84,0
9,2199,1257,6,0
5,2214,469,29,0
14,3726,642,104,0
20,1535,1681,18,0
12,1149,1316,42,0
14,1913,2432,57,0
34,786,889,22,0
2,769,1164,82,0
15,3060,733,60,0
13,501,1598,50,0
20,1341,157,37,0
10,744,2357,35,0
12,1063,1049,63,0
17,1406,2361,24,0
13,1452,1057,66,0
8,224,457,16,0
8,4990,927,51,0
12,1434,1670,37,0
18,68218,471,170,1
13,2973,917,24,0
25,2668,4469,14,0
19,2376,2446,28,0
3,3289,1615,68,0
17,283,714,78,0
15,2293,1824,68,0
1,1777,2669,58,0
16,1149,683,10,0
19,1827,1709,34,0
7,384,1149,6,0
3,2051,4312,801,1
20,1676,1726,44,0
11,3566,860,104,0
9,1229,408,18,0
221,382,322,5,1
16,1442,3238,55,0
50,701,2280,53,0
24,1225,1711,15,0
10,162454,595,314,1
9,3136,2336,10,0
6,1194,1814,38,0
12,5370,2177,23,0
5,1426,252,38,0
9,576,2743,20,0
4,1698,1421,39,0
11,591,1340,11,0
9,1293,962,49,0
4,2013,1759,3,0
4,190,1982,59,0
1,2971,1057,20,0
12,3036,996,54,0
10,3875,1398,60,0
8,745,2019,55,0
3,886,401,75,0
22,1400,573,16,0
10,2684,1368,52,0
13,909,497,33,0
4,586,1067,2,0
14,1010,1029,28,0
13,1064,2798,38,0
4,1594,1936,35,0
3,202,323,24,0
3,5380,4124,1192,1
4,2250,1715,29,0
21,3036,2509,21,0
10,635,315,31,0
1,2355,964,85,0
7,3911,284,18,0
26,3660,1357,31,0
7,5226,904,51,0
7,1090,1044,19,0
15,2560,655,20,0
23,1577,1535,26,0
24,166,782,15,0
28,744,2473,66,0
7,1391,1824,18,0
2,2784,3365,19,0
11,2869,723,35,0
14,617,1845,6,0
3,866,1607,14,0
10,2118,1164,25,0
32,2778,2091,58,0
12,2646,533,13,0
8,228,328,18,0
9,243,334,40,0
21,2512,1103,65,0
9,2034,61,11,0
6,1052,1917,11,0
25,1536,2008,34,0
2,485,1646,66,0
17,3986,325,17,0
4,4108,761,23,0
31,991,1676,123,0
26,732,929,30,0
5,502,2480,6,0
8,1813,1167,36,0
34,866,2342,38,0
11,2425,5692,35,0
9,2248,1569,85,0
18,1303,1542,19,0
19,524,1159,38,0
6,2514,2750,17,0
2,3990,1958,7,0
19,196315,2409,329,1
12,750,1828,16,0
11,1979,1307,15,0
1,13883,3732,1392,1
2,1311,545,17,0
20,138657,1350,320,1
1,1243,1883,30,0
8,2596,1409,10,0
3,1480,1031,24,0
15,250,718,54,0
7,2235,1794,55,0
12,682,2059,15,0
11,852,727,62,0
9,3166,1208,15,0
16,176,2402,111,0
6,3266,1430,45,0
2,2445,2113,18,0
13,885,762,24,0
7,1863,822,20,0
6,1530,1647,54,0
42,935,2190,23,0
15,967,1337,65,0
4,1095,1052,56,0
5,1742,210,37,0
10,1839,1381,82,0
13,237306,1168,262,1
4,2080,664,11,0
5,767,1005,77,0
7,240836,899,331,1
24,805,1147,6,0
33,2068,1654,23,0
10,1482,796,37,0
272,234,177,2,1
15,612,1813,22,0
31,2496,1269,109,0
4,1770,2259,13,0
13,4132,979,61,0
7,2471,357,41,0
10,3148,2747,28,0
10,1102,1667,24,0
10,545,50,36,0
1,567,1276,23,0
14,2533,1433,50,0
26,1619,1513,17,0
24,1109,764,53,0
8,5481,1817,1140,1
11,623,3150,28,0
1,1166,1582,36,0
18,2291,2501,20,0
9,621,2539,83,0
11,1487,559,48,0
2,2011,237,32,0
5,5084,481,70,0
6,86725,1345,352,1
11,1640,3717,9,0
10,1326,483,52,0
24,640,1899,11,0
14,3267,2701,59,0
5,1925,2259,33,0
5,738,1836,112,0
13,2003,2864,21,0
15,1030,2144,28,0
8,3585,1748,21,0
3,911,3279,50,0
16,124126,2813,289,1
4,1382,462,70,0
18,2564,824,27,0
21,380,261,26,0
25,515,2042,112,0
42,3016,2329,69,0
4,1145,513,9,0
5,1722,1259,14,0
12,2377,5844,31,0
14,775,3663,31,0
4,5215,66,72,0
11,2434,1814,45,0
12,279,3003,4,0
20,571,387,55,0
12,1684,1715,7,0
18,203571,2931,125,1
3,2409,800,15,0
7,341,1372,31,0
16,1460,379,39,0
7,3237,1875,18,0
268,251,353,4,1
9,404,2401,62,0
14,2173,3409,56,0
7,2386,861,59,0
16,4742,988,25,0
18,1739,834,4,0
11,2274,2232,46,0
14,2064,161,41,0
8,3155,4792,741,1
7,1045,807,57,0
3,305,445,70,0
16,1218,272,25,0
15,2604,1630,33,0
6,1623,960,8,0
23,3273,330,90,0
7,1524,2043,12,0
8,1843,1493,22,0
7,2281,999,59,0
24,1273,2105,31,0
1,538,755,58,0
11,2966,686,25,0
13,1806,1469,46,0
9,1146,321,25,0
14,80582,2423,295,1
18,3083,801,35,0
9,1011,1260,27,0
1,2745,4807,28,0
3,334,1173,31,0
13,3591,168,32,0
5,1431,1935,3,0
7,950,4407,13,0
2,3369,1690,66,0
9,1666,440,20,0
4,1424,1873,25,0
18,1499,2262,34,0
10,211619,1577,200,1
15,2968,2939,19,0
14,1523,1014,11,0
7,1764,1205,101,0
8,385,1553,17,0
11,1360,225,22,0
8,1409,2173,76,0
26,342,505,34,0
2,1878,329,8,0
15,1156,792,21,0
21,958,2384,32,0
39,963,246,61,0
5,1280,2215,100,0
17,1248,988,25,0
7,4408,1388,107,0
16,217416,620,171,1
18,2079,522,40,0
9,616,343,14,0
3,465,393,37,0
24,1410,1507,22,0
13,3432,275,7,0
25,805,2557,42,0
12,1301,1102,13,0
5,2309,1159,60,0
13,2387,437,37,0
6,2803,381,34,0
5,1836,719,54,0
23,646,2544,32,0
3,2809,631,40,0
57,1840,501,22,0
7,1683,227,28,0
8,2448,2590,62,0
22,1749,190,29,0
7,3545,1371,6,0
7,796,1053,31,0
7,1173,2234,12,0
6,1806,1402,21,0
9,2407,1145,24,0
20,4751,929,56,0
4,3551,779,47,0
16,2297,1932,40,0
23,1175,50,114,0
3,894,890,33,0
6,1071,2839,36,0
1,738,2950,34,0
5,607,1167,6,0
8,1442,640,15,0
8,1280,2328,11,0
3,2808,96,32,0
24,1010,1294,20,0
4,1419,841,45,0
7,556,1137,26,0
35,2424,486,76,0
22,2752,2080,42,0
5,13264,2140,1631,1
9,1901,1769,27,0
16,2257,629,15,0
8,2395,1245,12,0
21,3364,297,16,0
216,144,250,8,1
49,1676,2535,83,0
11,1154,2109,42,0
5,5558,4149,9,0
11,1244,293,17,0
6,1272,2894,52,0
13,2536,102,11,0
6,1292,2654,26,0
4,652,2825,32,0
10,411,400,33,0
5,6794,1173,5,0
11,1792,138,6,0
7,1363,392,97,0
2,1412,1803,48,0
19,5003,1609,11,0
12,2844,2210,78,0
10,3372,1256,14,0
8,14273,930,1925,1
5,2360,2863,63,0
30,890,1108,25,0
11,457,2049,45,0
13,936,1594,32,0
19,60538,2058,153,1
16,2250,2475,41,0
12,1509,1944,18,0
247,143,147,3,1
1,2237,4388,60,0
13,944,990,27,0
6,1101,258,74,0
4,10742,4372,625,1
2,345,1200,27,0
7,3365,722,15,0
12,484,1133,11,0
6,1551,207,17,0
8,1830,1304,45,0
26,1662,2101,38,0
7,1679,1101,117,0
252,218,373,5,1
9,244552,1995,147,1
7,1093,1932,2,0
2,199529,479,366,1
13,2854,949,17,0
13,1037,761,10,0
22,1312,641,37,0
12,1309,767,28,0
5,1143,334,9,0
9,781,2394,20,0
6,3282,2730,53,0
24,1487,139,72,0
4,4799,2707,618,1
6,1391,610,71,0
10,365,1231,16,0
32,982,1479,25,0
4,809,1173,14,0
10,2089,1420,26,0
14,486,2453,36,0
14,195,588,20,0
28,1379,666,48,0
12,62827,1576,230,1
9,2578,697,53,0
25,1622,3211,15,0
1,1258,744,27,0
21,417,1179,21,0
7,1041,1174,31,0
14,1172,3116,81,0
6,1011,1951,38,0
4,90531,1371,341,1
20,1137,3367,72,0
11,2322,1123,45,0
7,648,1351,2,0
13,1259,1696,16,0
5,803,1260,22,0
12,7672,358,14,0
13,901,294,34,0
2,1448,447,12,0
1,13114,2629,1608,1
2,2036,1595,25,0
8,202664,294,310,1
29,2290,503,50,0
34,941,1402,16,0
5,1347,382,57,0
1,1391,2186,18,0
28,509,1758,105,0
4,1125,402,44,0
14,905,1875,99,0
9,1240,1481,19,0
1,2423,1980,64,0
8,774,838,9,0
27,292,1406,64,0
11,806,1328,4,0
17,2845,539,12,0
6,1594,326,39,0
15,1645,1062,13,0
2,105,368,128,0
4,4609,1045,29,0
5,1321,780,31,0
30,1157,915,10,0
3,13277,1733,986,1
36,2336,3741,38,0
4,1859,3520,21,0
22,2068,3511,40,0
9,1675,947,20,0
5,1926,2511,6,0
5,1162,1980,6,0
34,607,1135,39,0
33,897,2704,21,0
1,414,482,40,0
25,1014,3950,34,0
25,1320,2102,3,0
18,1428,626,23,0
2,4025,976,19,0
20,2905,2098,15,0
269,392,135,5,1
17,1265,2318,52,0
5,8922,1937,1721,1
15,2410,2469,25,0
236,214,286,8,1
18,3758,522,9,0
4,261,926,50,0
10,84163,1940,308,1
13,2069,222,45,0
13,1731,699,27,0
25,4515,1276,12,0
14,3266,190,18,0
7,1223,811,47,0
26,1587,598,61,0
51,2348,2608,10,0
23,591,2276,20,0
3,10582,4490,761,1
11,1471,865,23,0
23,1444,2841,41,0
8,524,1592,45,0
4,1750,621,4,0
15,4255,680,27,0
8,1951,1294,36,0
3,1341,752,32,0
12,1708,1862,5,0
12,724,66,37,0
8,261,1027,24,0
4,13415,3733,755,1
288,303,63,10,1
23,2027,395,33,0
12,2101,3589,25,0
12,1308,494,28,0
12,1989,3231,6,0
12,598,2001,9,0
5,2767,2595,79,0
8,1160,791,34,0
6,1701,3091,43,0
2,7274,2797,644,1
20,787,428,21,0
3,1263,791,28,0
3,4213,2114,805,1
13,2778,1878,26,0
17,2635,111,37,0
11,2613,1082,69,0
11,399,2912,40,0
18,736,438,57,0
14,1775,2063,17,0
1,871,1392,38,0
3,1851,1338,56,0
19,1814,262,20,0
10,500,1723,28,0
4,474,1343,31,0
14,1985,645,12,0
14,3936,544,28,0
12,5149,1985,40,0
30,628,3239,23,0
9,3288,3278,108,0
8,1216,4153,48,0
34,1076,371,58,0
15,2319,1787,3,0
2,881,569,48,0
4,433,1005,28,0
7,820,1542,19,0
17,1592,683,16,0
2,1886,719,6,0
5,1220,2110,29,0
6,2711,299,62,0
14,1649,4032,77,0
9,249279,612,343,1
11,748,1360,22,0
233,53,281,4,1
12,287,272,30,0
4,1076,718,33,0
6,1491,711,4,0
23,976,1389,23,0
8,2840,1235,36,0
6,309,1645,53,0
8,593,1686,9,0
19,3904,2317,44,0
1,372,2064,14,0
17,2418,2194,36,0
11,3961,1490,6,0
9,647,1664,20,0
206,387,71,11,1
2,4445,1519,32,0
17,1145,417,15,0
10,558,2514,29,0
19,176964,1008,384,1
4,2842,873,11,0
17,1757,1885,52,0
5,771,1880,70,0
9,1852,1567,73,0
2,6664,729,12,0
10,2168,828,21,0
14,2463,743,23,0
46,1280,2956,66,0
8,2824,2605,47,0
2,2570,1442,16,0
5,169996,2693,326,1
21,511,1142,34,0
4,3046,1928,42,0
18,3474,1605,53,0
20,202,3097,19,0
3,1320,1061,7,0
16,1490,106,30,0
10,3337,1192,12,0
13,1727,968,50,0
4,939,118,39,0
18,1559,786,26,0
6,2288,579,71,0
3,1373,1745,24,0
10,1708,1064,62,0
7,2487,1712,55,0
16,2055,1110,26,0
6,2456,2746,25,0
13,1595,1700,23,0
7,1073,1855,50,0
8,1429,1684,32,0
9,940,1240,29,0
21,3122,1096,39,0
8,787,1167,11,0
5,14689,1886,602,1
9,884,1760,5,0
21,427,602,18,0
31,1032,598,53,0
17,4636,897,39,0
5,735,1237,49,0
7,611,1406,15,0
14,186646,907,180,1
235,105,258,12,1
11,1590,513,29,0
6,3194,3763,1317,1
22,2130,1661,61,0
18,936,1175,46,0
16,1520,727,33,0
15,1989,1415,37,0
8,1480,1160,3,0
19,1182,270,52,0
6,1244,380,14,0
23,1569,1685,32,0
18,1325,1090,75,0
21,1812,3258,22,0
2,520,997,71,0
6,580,421,33,0
12,1839,2303,54,0
6,1537,1434,53,0
21,1769,441,16,0
33,2029,1250,3,0
6,509,253,34,0
281,136,128,9,1
13,1109,1751,8,0
10,759,3911,17,0
9,2218,1112,21,0
7,6516,4019,74,0
7,236,3552,16,0
8,1033,1486,44,0
1,1512,1173,26,0
11,1782,2780,15,0
19,2494,2273,10,0
1,723,1652,27,0
12,2708,1297,28,0
42,2231,939,98,0
20,2422,448,41,0
2,1188,187,23,0
11,6805,609,23,0
1,3006,2932,30,0
4,632,1321,20,0
4,2856,1260,4,0
19,1908,1358,40,0
10,2630,417,23,0
9,5351,865,23,0
249,141,110,2,1
19,1782,1603,16,0
1,698,2020,28,0
11,1584,1015,30,0
18,2000,2570,21,0
6,2704,4186,681,1
17,3363,1408,26,0
20,1549,1212,24,0
3,1537,1032,37,0
6,1176,2742,40,0
7,1555,407,32,0
13,843,405,27,0
10,6442,342,19,0
5,3681,2547,60,0
28,354,193,46,0
11,799,1351,16,0
24,2610,2192,26,0
10,2510,1865,23,0
6,920,957,51,0
11,4948,1571,4,0
6,1805,1018,29,0
2,351,1104,15,0
5,743,2129,18,0
11,1122,645,80,0
15,1017,319,84,0
7,1011,465,29,0
3,3723,1795,11,0
21,789,590,33,0
9,4677,2382,5,0
6,1674,801,35,0
7,2217,318,46,0
2,814,1106,29,0
23,634,505,17,0
10,2251,434,123,0
10,676,2479,14,0
16,2073,1043,56,0
12,1427,1064,12,0
16,2728,1852,80,0
11,2102,204,28,0
6,760,422,46,0
1,1135,982,35,0
5,1291,1205,129,0
18,2324,495,47,0
18,1207,2419,20,0
4,7529,2575,992,1
7,1159,1590,31,0
5,1749,2717,43,0
7,4105,287,16,0
2,1607,1768,15,0
4,2924,1783,16,0
14,865,852,32,0
10,1163,649,61,0
24,1043,1509,39,0
4,1202,1103,21,0
3,217,974,96,0
5,616,223,12,0
8,3005,2837,8,0
9,805,765,30,0
2,2505,1108,36,0
13,586,1215,33,0
13,1298,1637,17,0
4,1547,1322,42,0
3,1042,1495,15,0
22,1928,518,20,0
4,130,1885,13,0
13,3001,491,75,0
2,1067,280,38,0
5,2280,836,3,0
8,5206,165,30,0
229,338,287,8,1
14,1997,2121,76,0
6,5459,4579,1082,1
2,883,2744,43,0
4,2312,475,34,0
12,3227,1558,38,0
20,5780,3325,21,0
3,2391,656,29,0
5,1439,3050,41,0
2,1312,346,36,0
16,2790,361,25,0
3,3352,174,45,0
286,392,333,3,1
8,1046,3915,55,0
21,368,2537,14,0
1,432,2124,14,0
26,3277,4067,20,0
6,2577,3741,53,0
19,797,2521,25,0
6,3515,2338,28,0
2,5914,936,900,1
8,1645,2286,101,0
14,1562,1164,23,0
3,2546,458,41,0
3,674,238,24,0
11,1390,3835,82,0
7,2752,1209,32,0
12,1430,951,17,0
9,1065,2198,6,0
258,188,57,8,1
11,1422,225,8,0
14,577,2239,18,0
7,1277,1442,11,0
14,1272,665,16,0
9,3541,2638,74,0
19,1539,883,28,0
3,4492,889,74,0
10,718,785,267,0
14,1039,1357,89,0
14,159,3368,36,0
4,1530,1255,17,0
11,1783,3586,36,0
29,465,2698,16,0
9,1316,488,12,0
6,851,944,41,0
6,3573,1270,10,0
7,2055,703,28,0
9,80912,178,149,1
7,3195,1428,51,0
7,2573,774,69,0
6,4896,1782,11,0
11,1154,776,18,0
27,1310,1706,19,0
13,2977,364,26,0
3,10746,3731,1025,1
8,2564,1260,34,0
230,340,271,3,1
18,3449,50,38,0
7,838,1464,21,0
41,775,967,11,0
29,1033,1374,10,0
9,306,1564,15,0
3,694,3831,24,0
10,2637,2353,40,0
8,1947,630,52,0
10,50,1240,20,0
9,589,638,19,0
12,1242,1252,26,0
21,1003,1080,38,0
3,2596,1137,4,0
3,2873,133,8,0
1,3390,786,24,0
11,879,2581,116,0
5,1434,153,45,0
20,2297,2135,19,0
5,560,1185,14,0
17,1020,432,28,0
4,1783,146,114,0
1,2793,1696,39,0
17,1999,1587,26,0
10,624,1709,4,0
18,1696,872,37,0
7,406,1918,102,0
13,1578,3624,52,0
13,1295,2133,11,0
1,4258,1239,23,0
5,2765,728,22,0
9,850,1388,13,0
5,876,871,16,0
6,1493,3437,50,0
14,3420,206,35,0
17,2088,1121,13,0
28,1566,1626,11,0
25,5211,1230,24,0
29,322,2909,28,0
20,1543,369,24,0
8,506,713,39,0
5,779,2128,63,0
20,854,1735,33,0
25,2213,922,6,0
1,1772,3214,39,0
24,1970,1386,110,0
14,1073,204,57,0
7,950,398,62,0
10,1219,1013,17,0
12,961,3610,7,0
3,227,1955,12,0
